OBJECTID,DATE,Age_0_to_9,Age_10_to_19,Age_20_to_29,Age_30_to_39,Age_40_to_49,Age_50_to_59,Age_60_to_69,Age_70_to_79,Age_80plus,Age_Unknown
1,03/29/2020 10:00:00 AM,4,21,165,203,241,243,191,117,54,
2,03/30/2020 10:00:00 AM,5,27,188,247,262,274,219,139,53,
3,03/31/2020 10:00:00 AM,6,32,215,290,304,335,260,157,61,
4,04/01/2020 10:00:00 AM,6,39,252,345,372,396,309,187,79,
5,04/02/2020 10:00:00 AM,9,46,286,410,437,471,357,217,98,
6,04/03/2020 10:00:00 AM,9,55,335,485,509,552,423,266,124,
7,04/04/2020 10:00:00 AM,13,65,379,557,575,625,473,299,139,
8,04/05/2020 10:00:00 AM,16,69,422,638,666,736,546,354,162,
9,04/06/2020 10:00:00 AM,16,76,469,718,737,825,597,407,200,
10,04/07/2020 10:00:00 AM,21,82,505,773,795,891,643,445,216,
11,04/08/2020 10:00:00 AM,27,109,625,968,1015,1135,833,550,267,
12,04/09/2020 10:00:00 AM,33,127,701,1076,1145,1282,913,600,308,
13,04/10/2020 10:00:00 AM,36,146,772,1205,1281,1421,1051,685,371,
14,04/11/2020 10:00:00 AM,45,162,855,1317,1413,1565,1141,757,439,
15,04/12/2020 10:00:00 AM,52,172,906,1390,1504,1675,1212,816,498,
16,04/13/2020 10:00:00 AM,63,190,970,1511,1637,1801,1317,877,570,
17,04/14/2020 10:00:00 AM,70,199,1030,1603,1740,1902,1389,935,604,0
18,04/15/2020 10:00:00 AM,74,204,1089,1670,1808,2005,1474,1010,698,0
19,04/16/2020 10:00:00 AM,86,231,1162,1784,1951,2138,1602,1065,765,0
20,04/17/2020 10:00:00 AM,86,242,1227,1882,2088,2287,1710,1171,879,0
21,04/18/2020 10:00:00 AM,89,254,1311,2010,2215,2399,1831,1253,946,0
22,04/19/2020 10:00:00 AM,93,277,1391,2100,2312,2492,1898,1286,981,0
23,04/20/2020 10:00:00 AM,108,300,1488,2245,2442,2632,2015,1385,1069,0
24,04/21/2020 10:00:00 AM,118,318,1543,2329,2539,2712,2083,1432,1119,0
25,04/22/2020 10:00:00 AM,132,337,1595,2415,2611,2805,2156,1512,1212,0
26,04/23/2020 10:00:00 AM,152,369,1708,2604,2786,2960,2269,1593,1296,0
27,04/24/2020 10:00:00 AM,164,395,1833,2757,2931,3094,2383,1680,1379,0
28,04/25/2020 10:00:00 AM,189,441,1982,2963,3155,3288,2548,1766,1434,0
29,04/26/2020 10:00:00 AM,212,463,2097,3109,3270,3414,2651,1837,1528,0
30,04/27/2020 10:00:00 AM,228,490,2217,3264,3436,3556,2758,1916,1622,0
31,04/28/2020 10:00:00 AM,246,512,2293,3367,3555,3675,2835,1973,1657,0
32,04/29/2020 10:00:00 AM,256,539,2393,3511,3696,3792,2927,2035,1700,0
33,04/30/2020 10:00:00 AM,294,573,2525,3684,3871,3939,3010,2083,1763,0
34,05/01/2020 10:00:00 AM,330,652,2742,4025,4226,4242,3215,2181,1859,0
35,05/02/2020 10:00:00 AM,348,701,2868,4207,4377,4400,3350,2270,1952,0
36,05/03/2020 10:00:00 AM,369,743,3043,4388,4534,4532,3459,2338,2056,0
37,05/04/2020 10:00:00 AM,385,769,3184,4550,4696,4687,3569,2424,2144,0
38,05/05/2020 10:00:00 AM,398,791,3287,4687,4841,4820,3636,2465,2192,0
39,05/06/2020 10:00:00 AM,416,834,3474,4894,5031,4996,3734,2524,2260,0
40,05/07/2020 10:00:00 AM,435,898,3681,5161,5269,5161,3860,2592,2317,0
41,05/08/2020 10:00:00 AM,486,969,3848,5376,5468,5311,3972,2666,2389,0
42,05/09/2020 10:00:00 AM,516,1015,3993,5575,5675,5464,4077,2738,2481,0
43,05/10/2020 10:00:00 AM,546,1078,4160,5777,5840,5609,4189,2801,2587,0
44,05/11/2020 10:00:00 AM,570,1131,4299,5952,5989,5707,4255,2840,2630,0
45,05/12/2020 10:00:00 AM,608,1183,4399,6084,6119,5791,4318,2884,2675,0
46,05/13/2020 10:00:00 AM,635,1238,4517,6236,6282,5898,4394,2912,2700,0
47,05/14/2020 10:00:00 AM,671,1299,4685,6475,6440,6033,4487,3004,2809,0
48,05/15/2020 10:00:00 AM,716,1383,4849,6699,6635,6194,4577,3076,2857,0
49,05/16/2020 10:00:00 AM,743,1437,5000,6880,6818,6354,4665,3142,2929,0
50,05/17/2020 10:00:00 AM,778,1480,5143,7072,6958,6484,4744,3189,2956,0
51,05/18/2020 10:00:00 AM,811,1549,5279,7266,7135,6605,4834,3244,3039,0
52,05/19/2020 10:00:00 AM,837,1602,5520,7617,7495,6964,5050,3351,3110,0
53,05/20/2020 10:00:00 AM,887,1660,5623,7777,7640,7066,5134,3388,3148,0
54,05/21/2020 10:00:00 AM,928,1736,5826,8031,7868,7267,5244,3439,3192,0
55,05/22/2020 10:00:00 AM,956,1785,5967,8189,8052,7392,5336,3498,3249,0
56,05/23/2020 10:00:00 AM,989,1852,6146,8425,8264,7556,5428,3541,3294,0
57,05/24/2020 10:00:00 AM,1018,1899,6270,8587,8411,7667,5511,3596,3354,0
58,05/25/2020 10:00:00 AM,1052,1951,6405,8728,8546,7790,5623,3644,3413,0
59,05/26/2020 10:00:00 AM,1068,1979,6480,8807,8644,7888,5678,3681,3462,0
60,05/27/2020 10:00:00 AM,1119,2025,6597,8940,8754,7994,5751,3724,3519,0
61,05/28/2020 10:00:00 AM,1182,2119,6815,9214,8989,8176,5867,3780,3567,0
62,05/29/2020 10:00:00 AM,1224,2191,7033,9460,9212,8354,5996,3877,3641,0
63,05/30/2020 10:00:00 AM,1253,2264,7187,9671,9403,8484,6116,3932,3705,0
64,05/31/2020 10:00:00 AM,1274,2319,7312,9815,9505,8596,6203,3986,3768,0
65,06/01/2020 10:00:00 AM,1294,2351,7397,9938,9598,8671,6261,4014,3803,0
66,06/02/2020 10:00:00 AM,1343,2403,7499,10085,9734,8793,6357,4080,3881,0
67,06/03/2020 10:00:00 AM,1393,2473,7621,10225,9868,8879,6461,4134,3928,0
68,06/04/2020 10:00:00 AM,1422,2538,7768,10375,10033,9006,6536,4190,3990,0
69,06/05/2020 10:00:00 AM,1457,2604,7938,10569,10191,9142,6626,4234,4009,0
70,06/06/2020 10:00:00 AM,1487,2648,8065,10702,10326,9239,6705,4272,4038,0
71,06/07/2020 10:00:00 AM,1506,2689,8144,10803,10415,9298,6751,4304,4063,0
72,06/08/2020 10:00:00 AM,1521,2723,8216,10901,10500,9365,6782,4323,4073,0
73,06/09/2020 10:00:00 AM,1541,2750,8319,10979,10596,9438,6832,4360,4089,0
74,06/10/2020 10:00:00 AM,1573,2791,8408,11089,10698,9522,6879,4389,4116,0
75,06/11/2020 10:00:00 AM,1608,2839,8531,11238,10838,9611,6941,4429,4162,0
76,06/12/2020 10:00:00 AM,1626,2879,8604,11321,10903,9670,6973,4450,4187,0
77,06/13/2020 10:00:00 AM,1720,2958,8710,11417,10998,9746,7036,4485,4235,0
78,06/14/2020 10:00:00 AM,1739,2993,8785,11502,11052,9797,7075,4510,4248,0
79,06/15/2020 10:00:00 AM,1759,3018,8856,11577,11111,9841,7094,4521,4255,0
80,06/16/2020 10:00:00 AM,1773,3036,8930,11655,11183,9894,7125,4546,4267,0
81,06/17/2020 10:00:00 AM,1792,3068,9025,11737,11277,9975,7196,4590,4309,0
82,06/18/2020 10:00:00 AM,1819,3102,9078,11788,11321,9998,7210,4600,4313,0
83,06/19/2020 10:00:00 AM,1831,3123,9121,11838,11368,10058,7238,4627,4344,0
84,06/20/2020 10:00:00 AM,1852,3163,9206,11919,11441,10123,7256,4639,4357,0
85,06/21/2020 10:00:00 AM,1880,3190,9273,11984,11493,10176,7284,4655,4371,0
86,06/22/2020 10:00:00 AM,1893,3216,9350,12029,11535,10224,7307,4667,4382,0
87,06/23/2020 10:00:00 AM,1907,3248,9459,12128,11591,10265,7338,4678,4393,0
88,06/24/2020 10:00:00 AM,1924,3268,9524,12204,11635,10317,7370,4696,4399,0
89,06/25/2020 10:00:00 AM,1937,3307,9616,12290,11708,10376,7408,4717,4418,0
90,06/26/2020 10:00:00 AM,1946,3334,9685,12360,11761,10424,7447,4726,4432,0
91,06/27/2020 10:00:00 AM,1955,3368,9749,12431,11815,10479,7479,4736,4438,0
92,06/28/2020 10:00:00 AM,1978,3408,9825,12484,11866,10521,7504,4748,4443,0
93,06/29/2020 10:00:00 AM,2006,3461,9917,12569,11948,10587,7550,4764,4452,0
94,06/30/2020 10:00:00 AM,2019,3481,9987,12625,11997,10634,7577,4777,4462,0
95,07/01/2020 10:00:00 AM,2042,3508,10056,12692,12054,10683,7619,4791,4473,0
96,07/02/2020 10:00:00 AM,2075,3558,10176,12811,12121,10731,7646,4819,4486,0
97,07/03/2020 10:00:00 AM,2098,3605,10264,12890,12183,10810,7708,4882,4521,0
98,07/04/2020 10:00:00 AM,2113,3637,10349,12969,12240,10864,7745,4893,4531,0
99,07/05/2020 10:00:00 AM,2129,3672,10422,13017,12288,10890,7765,4903,4546,0
100,07/06/2020 10:00:00 AM,2141,3700,10487,13069,12332,10926,7786,4913,4550,0
101,07/07/2020 10:00:00 AM,2155,3737,10578,13161,12406,10982,7837,4952,4588,0
102,07/08/2020 10:00:00 AM,2179,3786,10700,13255,12485,11031,7862,4967,4596,0
103,07/09/2020 10:00:00 AM,2192,3827,10854,13355,12566,11136,7920,4980,4617,0
104,07/10/2020 10:00:00 AM,2224,3879,10995,13441,12621,11177,7948,5005,4620,0
105,07/11/2020 10:00:00 AM,2243,3922,11145,13557,12688,11246,7993,5039,4634,0
106,07/12/2020 10:00:00 AM,2277,3975,11302,13695,12784,11323,8036,5066,4651,0
107,07/13/2020 10:00:00 AM,2297,4019,11422,13765,12840,11380,8065,5081,4658,0
108,07/14/2020 10:00:00 AM,2327,4084,11590,13905,12952,11467,8130,5119,4686,0
109,07/15/2020 10:00:00 AM,2355,4146,11783,14028,13067,11571,8200,5156,4710,0
110,07/16/2020 10:00:00 AM,2387,4207,11972,14183,13142,11639,8243,5173,4718,0
111,07/17/2020 10:00:00 AM,2427,4267,12178,14309,13248,11727,8286,5192,4737,0
112,07/18/2020 10:00:00 AM,2462,4352,12388,14466,13369,11832,8349,5226,4762,0
113,07/19/2020 10:00:00 AM,2496,4430,12646,14662,13500,11937,8416,5255,4789,0
114,07/20/2020 10:00:00 AM,2519,4486,12766,14768,13593,12023,8452,5277,4801,0
115,07/21/2020 10:00:00 AM,2552,4563,12983,14969,13711,12144,8507,5302,4814,0
116,07/22/2020 10:00:00 AM,2572,4613,13113,15065,13796,12210,8556,5363,4884,0
117,07/23/2020 10:00:00 AM,2592,4669,13325,15191,13881,12287,8615,5387,4889,0
118,07/24/2020 10:00:00 AM,2641,4750,13574,15387,14013,12395,8678,5419,4909,0
119,07/25/2020 10:00:00 AM,2695,4863,13914,15630,14193,12560,8775,5468,4956,0
120,07/26/2020 10:00:00 AM,2728,4927,14079,15779,14294,12644,8825,5496,4976,0
121,07/27/2020 10:00:00 AM,2777,5034,14378,16006,14449,12795,8926,5523,4988,0
122,07/28/2020 10:00:00 AM,2812,5112,14517,16122,14537,12879,8988,5552,5005,0
123,07/29/2020 10:00:00 AM,2839,5187,14706,16258,14646,12988,9048,5586,5027,0
124,07/30/2020 10:00:00 AM,2881,5299,14934,16432,14763,13068,9114,5640,5046,0
125,07/31/2020 10:00:00 AM,2943,5434,15184,16662,14935,13243,9187,5700,5058,0
126,08/01/2020 10:00:00 AM,2992,5536,15427,16837,15095,13371,9281,5748,5078,0
127,08/02/2020 10:00:00 AM,3034,5624,15631,17006,15232,13506,9350,5796,5095,0
128,08/03/2020 10:00:00 AM,3083,5720,15832,17180,15336,13625,9415,5835,5118,0
129,08/04/2020 10:00:00 AM,3109,5797,15990,17303,15442,13733,9465,5878,5137,0
130,08/05/2020 10:00:00 AM,3128,5852,16114,17395,15526,13821,9521,5908,5161,0
131,08/06/2020 10:00:00 AM,3147,5930,16244,17492,15620,13898,9565,5927,5182,0
132,08/07/2020 10:00:00 AM,3195,6022,16389,17645,15725,14017,9636,5971,5206,0
133,08/08/2020 10:00:00 AM,3237,6126,16542,17778,15846,14112,9689,6009,5242,0
134,08/09/2020 10:00:00 AM,3297,6211,16721,17958,15982,14256,9774,6053,5251,0
135,08/10/2020 10:00:00 AM,3328,6298,16891,18096,16105,14351,9842,6081,5266,0
136,08/11/2020 10:00:00 AM,3359,6367,17034,18193,16197,14427,9891,6098,5277,0
137,08/12/2020 10:00:00 AM,3379,6428,17166,18300,16270,14502,9933,6120,5286,0
138,08/13/2020 10:00:00 AM,3417,6514,17333,18428,16395,14597,10007,6163,5306,0
139,08/14/2020 10:00:00 AM,3453,6616,17470,18545,16516,14690,10071,6195,5319,0
140,08/15/2020 10:00:00 AM,3493,6698,17643,18676,16656,14803,10146,6233,5345,0
141,08/16/2020 10:00:00 AM,3520,6757,17756,18764,16726,14880,10191,6253,5365,0
142,08/17/2020 10:00:00 AM,3552,6797,17865,18860,16797,14951,10235,6279,5379,0
143,08/18/2020 10:00:00 AM,3583,6857,17968,18958,16872,15015,10290,6301,5391,0
144,08/19/2020 10:00:00 AM,3610,6902,18057,19042,16927,15064,10326,6324,5397,0
145,08/20/2020 10:00:00 AM,3643,6959,18168,19138,17017,15158,10385,6355,5406,0
146,08/21/2020 10:00:00 AM,3697,7050,18304,19247,17136,15243,10441,6373,5408,0
147,08/22/2020 10:00:00 AM,3716,7119,18459,19361,17222,15338,10486,6397,5425,0
148,08/23/2020 10:00:00 AM,3752,7208,18601,19467,17299,15406,10527,6410,5432,0
149,08/24/2020 10:00:00 AM,3788,7274,18736,19563,17377,15485,10563,6439,5444,0
150,08/25/2020 10:00:00 AM,3803,7322,18801,19635,17431,15559,10588,6455,5452,0
151,08/26/2020 10:00:00 AM,3827,7365,18902,19710,17505,15608,10623,6482,5464,0
152,08/27/2020 10:00:00 AM,3859,7445,19033,19806,17586,15691,10668,6498,5477,0
153,08/28/2020 10:00:00 AM,3878,7534,19164,19908,17680,15781,10719,6516,5484,0
154,08/29/2020 10:00:00 AM,3901,7606,19322,20016,17752,15886,10772,6542,5497,0
155,08/30/2020 10:00:00 AM,3924,7675,19447,20088,17817,15950,10809,6573,5508,0
156,08/31/2020 10:00:00 AM,3952,7741,19556,20158,17894,16003,10846,6585,5514,0
157,09/01/2020 10:00:00 AM,3983,7841,19708,20258,17963,16085,10895,6607,5523,0
158,09/02/2020 10:00:00 AM,4020,7908,19825,20322,18011,16138,10927,6630,5538,0
159,09/03/2020 10:00:00 AM,4038,8029,19998,20410,18102,16239,10995,6654,5547,0
160,09/04/2020 10:00:00 AM,4061,8189,20202,20531,18225,16339,11052,6675,5557,0
161,09/05/2020 10:00:00 AM,4096,8328,20396,20632,18312,16443,11111,6711,5578,0
162,09/06/2020 10:00:00 AM,4110,8412,20538,20704,18370,16505,11155,6737,5588,0
163,09/07/2020 10:00:00 AM,4146,8565,20741,20801,18454,16586,11204,6780,5606,0
164,09/08/2020 10:00:00 AM,4156,8637,20820,20851,18502,16634,11235,6790,5614,0
165,09/09/2020 10:00:00 AM,4172,8699,20902,20906,18539,16675,11259,6805,5618,0
166,09/10/2020 10:00:00 AM,4188,8770,21018,20968,18596,16759,11306,6830,5643,0
167,09/11/2020 10:00:00 AM,4209,8888,21184,21057,18688,16832,11352,6854,5660,0
168,09/12/2020 10:00:00 AM,4234,9075,21414,21139,18792,16915,11414,6878,5672,0
169,09/13/2020 10:00:00 AM,4258,9183,21564,21211,18866,16990,11458,6895,5685,0
170,09/14/2020 10:00:00 AM,4291,9288,21693,21279,18926,17067,11491,6916,5695,0
171,09/15/2020 10:00:00 AM,4321,9388,21850,21362,18982,17148,11548,6940,5706,0
172,09/16/2020 10:00:00 AM,4345,9518,21985,21457,19047,17222,11604,6981,5729,0
173,09/17/2020 10:00:00 AM,4366,9614,22145,21563,19115,17323,11645,7010,5738,0
174,09/18/2020 10:00:00 AM,4389,9707,22285,21649,19184,17402,11677,7026,5743,0
175,09/19/2020 10:00:00 AM,4415,9831,22458,21751,19269,17482,11737,7046,5755,0
176,09/20/2020 10:00:00 AM,4435,9911,22548,21812,19305,17540,11773,7063,5769,0
177,09/21/2020 10:00:00 AM,4448,9981,22649,21870,19370,17588,11805,7077,5780,0
178,09/22/2020 10:00:00 AM,4462,10015,22735,21933,19407,17645,11839,7091,5785,0
179,09/23/2020 10:00:00 AM,4487,10075,22823,21983,19460,17704,11871,7103,5791,0
180,09/24/2020 10:00:00 AM,4505,10140,22938,22064,19530,17784,11917,7122,5800,0
181,09/25/2020 10:00:00 AM,4532,10212,23055,22163,19617,17864,11962,7145,5809,0
182,09/26/2020 10:00:00 AM,4558,10290,23195,22265,19691,17965,12026,7167,5815,0
183,09/27/2020 10:00:00 AM,4585,10361,23291,22328,19742,18021,12060,7183,5832,0
184,09/28/2020 10:00:00 AM,4616,10435,23386,22405,19804,18091,12096,7206,5841,0
185,09/29/2020 10:00:00 AM,4635,10483,23471,22484,19865,18153,12137,7231,5852,0
186,09/30/2020 10:00:00 AM,4656,10521,23564,22550,19913,18223,12175,7262,5861,0
187,10/01/2020 10:00:00 AM,4689,10681,23741,22654,20006,18322,12239,7303,5875,0
188,10/02/2020 10:00:00 AM,4723,10781,23880,22770,20106,18419,12312,7342,5889,0
189,10/03/2020 10:00:00 AM,4751,10858,24012,22859,20196,18490,12368,7374,5911,0
190,10/04/2020 10:00:00 AM,4777,10918,24113,22934,20267,18546,12419,7394,5922,0
191,10/05/2020 10:00:00 AM,4813,10981,24196,23012,20351,18606,12471,7424,5937,0
192,10/06/2020 10:00:00 AM,4825,11030,24274,23085,20405,18677,12509,7443,5956,0
193,10/07/2020 10:00:00 AM,4848,11082,24365,23156,20469,18749,12553,7475,5967,0
194,10/08/2020 10:00:00 AM,4886,11199,24524,23259,20588,18853,12626,7507,5983,0
195,10/09/2020 10:00:00 AM,4924,11283,24663,23393,20690,18965,12691,7550,6000,0
196,10/10/2020 10:00:00 AM,4957,11358,24778,23506,20775,19055,12766,7583,6017,0
197,10/11/2020 10:00:00 AM,4983,11407,24882,23603,20854,19143,12842,7614,6029,0
198,10/12/2020 10:00:00 AM,5016,11483,24972,23672,20929,19221,12889,7639,6040,0
199,10/13/2020 10:00:00 AM,5048,11539,25068,23751,20994,19294,12937,7662,6050,0
200,10/14/2020 10:00:00 AM,5072,11596,25174,23855,21074,19373,13005,7695,6074,0
201,10/15/2020 10:00:00 AM,5104,11662,25277,23966,21175,19463,13076,7725,6100,0
202,10/16/2020 10:00:00 AM,5156,11729,25415,24133,21291,19572,13149,7759,6125,0
203,10/17/2020 10:00:00 AM,5203,11796,25581,24286,21419,19673,13232,7794,6143,0
204,10/18/2020 10:00:00 AM,5222,11855,25674,24380,21508,19744,13288,7831,6155,0
205,10/19/2020 10:00:00 AM,5248,11904,25760,24472,21584,19815,13346,7853,6172,0
206,10/20/2020 10:00:00 AM,5274,11963,25866,24586,21669,19912,13403,7886,6185,0
207,10/21/2020 10:00:00 AM,5297,12013,25953,24675,21746,20000,13448,7913,6191,0
208,10/22/2020 10:00:00 AM,5347,12086,26093,24802,21873,20106,13523,7948,6201,0
209,10/23/2020 10:00:00 AM,5376,12168,26232,24916,21983,20210,13593,7988,6225,0
210,10/24/2020 10:00:00 AM,5428,12241,26393,25061,22096,20334,13672,8022,6240,0
211,10/25/2020 10:00:00 AM,5466,12326,26546,25206,22233,20440,13746,8057,6259,0
212,10/26/2020 10:00:00 AM,5492,12366,26681,25322,22320,20511,13794,8082,6276,0
213,10/27/2020 10:00:00 AM,5519,12450,26854,25493,22470,20646,13884,8129,6296,0
214,10/28/2020 10:00:00 AM,5553,12514,26984,25604,22576,20732,13961,8173,6328,0
215,10/29/2020 10:00:00 AM,5611,12601,27162,25795,22721,20866,14046,8232,6353,0
216,10/30/2020 10:00:00 AM,5663,12699,27323,25943,22871,21007,14131,8291,6386,0
217,10/31/2020 10:00:00 AM,5713,12798,27535,26141,23016,21138,14216,8317,6407,0
218,11/01/2020 10:00:00 AM,5768,12866,27700,26311,23139,21283,14296,8355,6427,0
219,11/02/2020 10:00:00 AM,5822,12935,27861,26474,23279,21407,14366,8397,6454,0
220,11/03/2020 10:00:00 AM,5852,13008,28009,26614,23415,21498,14455,8440,6475,0
221,11/04/2020 10:00:00 AM,5901,13103,28208,26793,23576,21647,14554,8489,6495,0
222,11/05/2020 10:00:00 AM,5951,13205,28429,27036,23754,21817,14666,8563,6543,0
223,11/06/2020 10:00:00 AM,6004,13350,28782,27317,23989,22058,14802,8626,6577,0
224,11/07/2020 10:00:00 AM,6040,13496,29102,27602,24188,22256,14924,8683,6624,0
225,11/08/2020 10:00:00 AM,6103,13596,29316,27768,24364,22405,15047,8739,6658,0
226,11/09/2020 10:00:00 AM,6176,13754,29618,27996,24568,22612,15163,8798,6686,0
227,11/10/2020 10:00:00 AM,6236,13902,29895,28213,24751,22833,15303,8854,6722,0
228,11/11/2020 10:00:00 AM,6320,14076,30237,28497,25002,23093,15481,8934,6783,0
229,11/12/2020 10:00:00 AM,6389,14223,30492,28718,25249,23341,15642,9015,6831,0
230,11/13/2020 10:00:00 AM,6461,14384,30844,29060,25562,23636,15815,9122,6885,0
231,11/14/2020 10:00:00 AM,6565,14569,31321,29495,25933,24009,16006,9241,6951,0
232,11/15/2020 10:00:00 AM,6654,14714,31680,29784,26207,24313,16227,9348,7003,0
233,11/16/2020 10:00:00 AM,6740,14853,32015,30092,26485,24589,16387,9444,7051,0
234,11/17/2020 10:00:00 AM,6842,15036,32423,30500,26836,24922,16582,9549,7115,0
235,11/18/2020 10:00:00 AM,6944,15221,32786,30859,27146,25229,16782,9676,7180,0
236,11/19/2020 10:00:00 AM,7082,15484,33325,31386,27633,25669,17061,9828,7265,0
237,11/20/2020 10:00:00 AM,7184,15718,33762,31807,27991,26040,17286,9946,7352,0
238,11/21/2020 10:00:00 AM,7320,15957,34300,32331,28398,26482,17590,10114,7479,0
239,11/22/2020 10:00:00 AM,7429,16176,34704,32691,28709,26824,17793,10249,7564,0
240,11/23/2020 10:00:00 AM,7513,16354,35062,32956,28952,27079,17948,10330,7603,0
241,11/24/2020 10:00:00 AM,7609,16515,35360,33239,29224,27328,18110,10419,7660,0
242,11/25/2020 10:00:00 AM,7771,16751,35858,33703,29630,27738,18383,10576,7751,0
243,11/26/2020 10:00:00 AM,7886,16947,36275,34097,29995,28056,18590,10725,7909,0
244,11/27/2020 10:00:00 AM,7986,17150,36750,34508,30373,28403,18818,10858,8012,0
245,11/28/2020 10:00:00 AM,8049,17307,37051,34796,30611,28654,18953,10955,8072,0
246,11/29/2020 10:00:00 AM,8172,17490,37401,35102,30884,28962,19165,11085,8186,0
247,11/30/2020 10:00:00 AM,8278,17674,37772,35412,31149,29273,19367,11205,8240,0
248,12/01/2020 10:00:00 AM,8405,17887,38256,35921,31581,29727,19665,11374,8319,0
249,12/02/2020 10:00:00 AM,8479,18083,38682,36308,31883,30084,19914,11516,8406,0
250,12/03/2020 10:00:00 AM,8591,18253,39050,36625,32185,30396,20120,11663,8516,0
251,12/04/2020 10:00:00 AM,8785,18587,39694,37254,32739,31000,20549,11919,8664,0
252,12/05/2020 10:00:00 AM,8945,18896,40337,37798,33229,31464,20849,12111,8755,0
253,12/06/2020 10:00:00 AM,9117,19164,40817,38207,33635,31890,21104,12241,8852,0
254,12/07/2020 10:00:00 AM,9253,19382,41215,38557,33992,32247,21349,12413,8921,0
255,12/08/2020 10:00:00 AM,9391,19638,41669,39037,34386,32658,21600,12571,9011,0
256,12/09/2020 10:00:00 AM,9545,19923,42137,39477,34759,33064,21883,12752,9113,0
257,12/10/2020 10:00:00 AM,9738,20220,42686,40062,35278,33543,22192,12928,9208,0
258,12/11/2020 10:00:00 AM,9883,20457,43148,40540,35636,33921,22489,13087,9310,0
259,12/12/2020 10:00:00 AM,10075,20807,43717,41164,36182,34447,22877,13285,9455,0
260,12/13/2020 10:00:00 AM,10237,21081,44163,41596,36594,34814,23167,13434,9561,0
261,12/14/2020 10:00:00 AM,10390,21301,44547,42011,36913,35158,23437,13553,9651,0
262,12/15/2020 10:00:00 AM,10498,21536,44931,42454,37257,35563,23692,13703,9728,0
263,12/16/2020 10:00:00 AM,10624,21751,45341,42859,37627,35968,23949,13849,9799,0
264,12/17/2020 10:00:00 AM,10755,21965,45709,43197,37983,36329,24180,13995,9871,0
265,12/18/2020 10:00:00 AM,10900,22190,46145,43654,38409,36720,24451,14140,9944,0
266,12/19/2020 10:00:00 AM,11037,22406,46480,44052,38744,37068,24680,14268,10019,0
267,12/20/2020 10:00:00 AM,11153,22600,46838,44396,39053,37363,24891,14380,10134,0
268,12/21/2020 10:00:00 AM,11276,22817,47202,44775,39373,37742,25160,14525,10203,0
269,12/22/2020 10:00:00 AM,11398,23016,47619,45177,39719,38113,25423,14656,10276,0
270,12/23/2020 10:00:00 AM,11525,23227,48027,45591,40125,38507,25684,14824,10352,0
271,12/24/2020 10:00:00 AM,11669,23532,48479,46058,40561,38964,26007,14993,10465,0
272,12/25/2020 10:00:00 AM,11793,23753,48920,46453,40890,39365,26275,15157,10554,0
273,12/26/2020 10:00:00 AM,11917,23981,49312,46800,41242,39746,26497,15293,10652,0
274,12/27/2020 10:00:00 AM,12028,24136,49606,47082,41484,40018,26709,15405,10730,0
275,12/28/2020 10:00:00 AM,12135,24325,49926,47404,41784,40342,26937,15521,10809,0
276,12/29/2020 10:00:00 AM,12236,24482,50263,47723,42072,40643,27145,15633,10864,0
277,12/30/2020 10:00:00 AM,12351,24706,50679,48146,42462,41105,27484,15804,10952,0
278,12/31/2020 10:00:00 AM,12541,25021,51169,48615,42905,41557,27801,16004,11049,0
279,01/01/2021 10:00:00 AM,12737,25363,51773,49237,43421,42133,28180,16188,11187,0
280,01/02/2021 10:00:00 AM,12912,25677,52300,49734,43843,42575,28496,16340,11294,0
281,01/03/2021 10:00:00 AM,13047,25897,52657,50090,44144,42917,28737,16476,11354,0
282,01/04/2021 10:00:00 AM,13202,26159,53055,50500,44481,43330,29009,16633,11433,0
283,01/05/2021 10:00:00 AM,13295,26358,53433,50844,44769,43613,29216,16746,11484,0
284,01/06/2021 10:00:00 AM,13467,26685,54057,51321,45270,44079,29520,16936,11569,0
285,01/07/2021 10:00:00 AM,13607,27006,54555,51831,45744,44523,29853,17102,11653,0
286,01/08/2021 10:00:00 AM,13810,27406,55229,52440,46305,45056,30236,17348,11776,0
287,01/09/2021 10:00:00 AM,14034,27838,55920,53060,46843,45603,30626,17543,11897,0
288,01/10/2021 10:00:00 AM,14233,28188,56532,53588,47306,46122,30947,17734,12024,0
289,01/11/2021 10:00:00 AM,14427,28562,57034,54123,47743,46579,31241,17879,12098,0
290,01/12/2021 10:00:00 AM,14577,28862,57488,54600,48133,47011,31507,18014,12159,0
291,01/13/2021 10:00:00 AM,14722,29164,57920,54983,48506,47402,31756,18157,12257,0
292,01/14/2021 10:00:00 AM,14892,29454,58464,55448,48930,47857,32074,18350,12346,0
293,01/15/2021 10:00:00 AM,15076,29735,58993,55907,49328,48294,32422,18519,12465,0
294,01/16/2021 10:00:00 AM,15291,30049,59546,56430,49820,48840,32780,18694,12581,0
295,01/17/2021 10:00:00 AM,15449,30293,59936,56819,50167,49245,33047,18833,12656,0
296,01/18/2021 10:00:00 AM,15570,30475,60220,57114,50412,49529,33235,18936,12723,0
297,01/19/2021 10:00:00 AM,15681,30689,60532,57460,50701,49800,33468,19039,12816,0
298,01/20/2021 10:00:00 AM,15817,30930,60897,57790,51021,50120,33703,19171,12904,0
299,01/21/2021 10:00:00 AM,15952,31195,61261,58110,51318,50476,33924,19304,12979,0
300,01/22/2021 10:00:00 AM,16085,31438,61643,58501,51651,50855,34189,19457,13096,0
301,01/23/2021 10:00:00 AM,16245,31724,62036,58872,51994,51239,34452,19590,13155,0
302,01/24/2021 10:00:00 AM,16387,31960,62373,59221,52290,51558,34705,19728,13230,0
303,01/25/2021 10:00:00 AM,16505,32158,62624,59508,52528,51822,34875,19831,13287,0
304,01/26/2021 10:00:00 AM,16603,32319,62872,59778,52732,52043,35039,19898,13336,0
305,01/27/2021 10:00:00 AM,16749,32515,63184,60096,53016,52351,35266,19993,13389,0
306,01/28/2021 10:00:00 AM,16864,32737,63548,60429,53340,52676,35516,20159,13480,0
307,01/29/2021 10:00:00 AM,17006,32913,63847,60746,53634,52974,35690,20271,13548,0
308,01/30/2021 10:00:00 AM,17163,33134,64194,61061,53906,53282,35930,20424,13632,0
309,01/31/2021 10:00:00 AM,17278,33303,64475,61330,54157,53540,36126,20545,13719,0
310,02/01/2021 10:00:00 AM,17350,33456,64671,61509,54327,53696,36248,20617,13762,0
311,02/02/2021 10:00:00 AM,17402,33543,64847,61665,54457,53834,36330,20676,13787,0
312,02/03/2021 10:00:00 AM,17454,33622,65016,61792,54609,53979,36432,20749,13830,0
313,02/04/2021 10:00:00 AM,17553,33768,65286,62056,54841,54236,36585,20839,13873,0
314,02/05/2021 10:00:00 AM,17631,33946,65560,62306,55056,54457,36751,20929,13948,0
315,02/06/2021 10:00:00 AM,17726,34114,65805,62540,55262,54664,36925,21039,14009,0
316,02/07/2021 10:00:00 AM,17841,34275,66063,62789,55481,54891,37084,21140,14086,0
317,02/08/2021 10:00:00 AM,17907,34390,66210,62916,55588,55030,37185,21212,14115,0
318,02/09/2021 10:00:00 AM,17959,34519,66387,63082,55711,55177,37271,21275,14148,0
319,02/10/2021 10:00:00 AM,18042,34643,66590,63282,55852,55357,37397,21325,14178,0
320,02/11/2021 10:00:00 AM,18124,34777,66784,63450,55998,55548,37530,21420,14234,0
321,02/12/2021 10:00:00 AM,18183,34899,66979,63614,56151,55708,37659,21492,14292,0
322,02/13/2021 10:00:00 AM,18249,35064,67165,63816,56325,55881,37770,21536,14330,0
323,02/14/2021 10:00:00 AM,18317,35174,67281,63944,56440,56013,37870,21583,14361,0
324,02/15/2021 10:00:00 AM,18352,35274,67395,64049,56550,56128,37952,21623,14382,0
325,02/16/2021 10:00:00 AM,18378,35332,67500,64132,56618,56200,38007,21655,14399,0
326,02/17/2021 10:00:00 AM,18437,35423,67640,64243,56728,56314,38085,21693,14417,0
327,02/18/2021 10:00:00 AM,18510,35529,67808,64379,56851,56481,38191,21758,14459,0
328,02/19/2021 10:00:00 AM,18578,35659,68012,64526,56969,56626,38295,21827,14482,0
329,02/20/2021 10:00:00 AM,18625,35771,68153,64634,57079,56740,38363,21864,14508,0
330,02/21/2021 10:00:00 AM,18677,35859,68258,64736,57163,56822,38419,21895,14526,0
331,02/22/2021 10:00:00 AM,18716,35954,68380,64832,57241,56909,38475,21920,14539,0
332,02/23/2021 10:00:00 AM,18747,36063,68525,64921,57317,56997,38553,21952,14553,0
333,02/24/2021 10:00:00 AM,18794,36183,68689,65052,57444,57111,38643,22003,14571,0
334,02/25/2021 10:00:00 AM,18847,36293,68877,65219,57581,57257,38760,22046,14586,0
335,02/26/2021 10:00:00 AM,18909,36426,69089,65363,57715,57385,38861,22080,14608,0
336,02/27/2021 10:00:00 AM,18969,36540,69262,65501,57814,57501,38945,22112,14628,0
337,02/28/2021 10:00:00 AM,19023,36651,69434,65624,57921,57628,39014,22152,14652,0
338,03/01/2021 10:00:00 AM,19074,36736,69548,65718,57995,57707,39070,22185,14669,0
339,03/02/2021 10:00:00 AM,19097,36791,69645,65806,58050,57769,39118,22215,14679,0
340,03/03/2021 10:00:00 AM,19159,36901,69782,65937,58148,57893,39193,22249,14694,0
341,03/04/2021 10:00:00 AM,19216,37000,69938,66060,58252,58014,39282,22292,14711,0
342,03/05/2021 10:00:00 AM,19283,37126,70120,66217,58371,58145,39341,22338,14737,0
343,03/06/2021 10:00:00 AM,19329,37242,70292,66388,58502,58273,39452,22382,14750,0
344,03/07/2021 10:00:00 AM,19382,37337,70427,66484,58618,58363,39519,22418,14771,0
345,03/08/2021 10:00:00 AM,19426,37430,70592,66590,58704,58442,39598,22458,14795,0
346,03/09/2021 10:00:00 AM,19462,37532,70698,66693,58809,58542,39646,22482,14802,0
347,03/10/2021 10:00:00 AM,19516,37640,70899,66837,58936,58681,39729,22513,14815,0
348,03/11/2021 10:00:00 AM,19598,37768,71050,66983,59076,58810,39821,22544,14840,0
349,03/12/2021 10:00:00 AM,19670,37922,71256,67143,59200,58962,39899,22572,14856,0
350,03/13/2021 10:00:00 AM,19774,38048,71467,67329,59361,59123,39992,22614,14873,0
351,03/14/2021 10:00:00 AM,19851,38160,71631,67460,59475,59263,40071,22649,14881,0
352,03/15/2021 10:00:00 AM,19899,38242,71737,67560,59553,59373,40129,22676,14889,0
353,03/16/2021 10:00:00 AM,19938,38326,71853,67679,59645,59471,40191,22714,14899,0
354,03/17/2021 10:00:00 AM,20018,38442,71996,67870,59756,59594,40286,22753,14918,0
355,03/18/2021 10:00:00 AM,20104,38561,72213,68027,59934,59760,40413,22798,14936,0
356,03/19/2021 10:00:00 AM,20184,38718,72474,68239,60078,59911,40508,22832,14954,0
357,03/20/2021 10:00:00 AM,20261,38869,72736,68427,60216,60078,40601,22860,14968,0
358,03/21/2021 10:00:00 AM,20358,39010,72923,68580,60365,60217,40689,22901,14980,0
359,03/22/2021 10:00:00 AM,20428,39095,73042,68692,60465,60312,40739,22935,14997,0
360,03/23/2021 10:00:00 AM,20491,39191,73192,68816,60556,60411,40794,22961,15015,0
361,03/24/2021 10:00:00 AM,20585,39331,73412,69034,60705,60578,40911,23016,15028,0
362,03/25/2021 10:00:00 AM,20674,39518,73714,69228,60911,60779,41043,23061,15054,0
363,03/26/2021 10:00:00 AM,20777,39696,74022,69448,61089,60963,41166,23100,15082,0
364,03/27/2021 10:00:00 AM,20882,39881,74306,69669,61295,61143,41279,23151,15103,0
365,03/28/2021 10:00:00 AM,21003,40074,74551,69888,61474,61321,41408,23207,15118,0
366,03/29/2021 10:00:00 AM,21098,40193,74745,70040,61622,61482,41509,23256,15130,0
367,03/30/2021 10:00:00 AM,21150,40301,74927,70196,61761,61632,41578,23289,15144,0
368,03/31/2021 10:00:00 AM,21258,40463,75178,70446,61950,61849,41704,23337,15159,0
369,04/01/2021 10:00:00 AM,21364,40644,75502,70723,62171,62091,41857,23393,15183,0
370,04/02/2021 10:00:00 AM,21474,40812,75804,70971,62381,62317,41971,23450,15205,0
371,04/03/2021 10:00:00 AM,21575,40975,76059,71200,62541,62508,42076,23506,15220,0
372,04/04/2021 10:00:00 AM,21715,41181,76423,71491,62748,62748,42219,23569,15235,0
373,04/05/2021 10:00:00 AM,21783,41278,76590,71622,62897,62859,42305,23608,15246,0
374,04/06/2021 10:00:00 AM,21840,41389,76771,71775,63018,62985,42376,23639,15262,0
375,04/07/2021 10:00:00 AM,21960,41570,77042,72026,63237,63205,42511,23688,15287,0
376,04/08/2021 10:00:00 AM,22051,41741,77290,72264,63420,63393,42612,23735,15317,0
377,04/09/2021 10:00:00 AM,22226,42023,77650,72567,63644,63660,42768,23783,15342,0
378,04/10/2021 10:00:00 AM,22361,42256,77969,72872,63847,63876,42863,23829,15374,0
379,04/11/2021 10:00:00 AM,22503,42474,78242,73125,64062,64082,42971,23881,15390,0
380,04/12/2021 10:00:00 AM,22594,42624,78423,73291,64205,64207,43057,23914,15400,0
381,04/13/2021 10:00:00 AM,22665,42794,78657,73460,64359,64352,43150,23956,15406,0
382,04/14/2021 10:00:00 AM,22833,43006,78970,73714,64568,64579,43270,23997,15414,0
383,04/15/2021 10:00:00 AM,22961,43207,79264,73954,64762,64780,43386,24043,15438,0
384,04/16/2021 10:00:00 AM,23112,43420,79595,74210,64986,64998,43499,24089,15450,0
385,04/17/2021 10:00:00 AM,23240,43698,79873,74458,65164,65235,43607,24122,15462,0
386,04/18/2021 10:00:00 AM,23378,43863,80081,74652,65324,65382,43701,24168,15479,0
387,04/19/2021 10:00:00 AM,23447,43945,80180,74754,65428,65459,43758,24194,15494,0
388,04/20/2021 10:00:00 AM,23518,44078,80332,74939,65559,65582,43836,24230,15510,0
389,04/21/2021 10:00:00 AM,23645,44251,80524,75154,65724,65758,43934,24270,15529,0
390,04/22/2021 10:00:00 AM,23784,44423,80728,75351,65904,65923,44034,24303,15542,0
391,04/23/2021 10:00:00 AM,23915,44610,80968,75544,66038,66065,44124,24331,15560,0
